emotion,f1_score,precision,recall,auc_roc,support
anger,0.919470578855047,0.8813818404157749,0.961,0.9963268520822962,3000
fear,0.9044697633654689,0.9537892791127541,0.86,0.9959247760079643,3000
joy,0.9401229148375768,0.9933209647495361,0.8923333333333333,0.9949446967811515,3000
love,0.9260890846793931,0.9069990412272292,0.946,0.9952106043636966,3000
neutral,0.8402436628021223,0.8086232980332829,0.874437627811861,0.9882851739286741,2445
sadness,0.940893470790378,0.9709219858156029,0.9126666666666666,0.9967455927492949,3000
surprise,0.8232896652110626,0.7820796460176991,0.8690842040565457,0.9884798884121366,1627
